language,F,p_anova,kruskal_H,p_kruskal
Danish,67.144,6.572380992316423e-30,94.996,1.849960828333734e-20
English,96.876,1.718471490448049e-38,116.074,5.405871496808381e-25
