subject,variable,n,df,chi2,p,cramers_v,low_exp_cells
Fruit,category_1,100,7,10.08,0.18422892259935159,0.317,10
Fruit,category_2,100,4,19.19,0.0007205121601807117,0.438,4
Cars,category_1,100,6,72.29,1.3843857923305256e-13,0.85,4
Cars,category_2,100,1,1.95,0.1621992341131464,0.175,2
Clothes,category_1,100,6,26.69,0.00016533107602637352,0.517,6
Clothes,category_2,100,2,23.81,6.758146413049618e-06,0.488,0
Forest,category_1,100,3,3.77,0.2870743834264509,0.194,2
Forest,category_2,100,2,5.72,0.057136116988955626,0.239,4
