comparison,n_pairs,mean_DA,mean_EN,mean_diff,95ci_lo,95ci_hi,t,p_ttest,wilcoxon_p,cohen_d,effect,shapiro_p_diff
Overall,400,0.2455,0.2898,0.0444,0.0409,0.0478,25.472,1.122055343493746e-85,2.2900798242246256e-58,1.274,large,0.040672691119287854
Baseline accuracy,200,0.2467,0.2927,0.0461,0.0408,0.0514,17.16,4.1517840465771983e-41,3.2050739055491596e-29,1.213,large,0.14815348909641535
Robustness,200,0.2443,0.2869,0.0426,0.0383,0.047,19.218,3.1413386023865213e-47,8.97227224436303e-31,1.359,large,0.17555573567160715
Subject: Fruit,100,0.2483,0.2875,0.0391,0.034,0.0443,15.156,1.5144479799361418e-27,2.9639470389130924e-17,1.516,large,0.48993070568689817
Subject: Cars,100,0.2558,0.2644,0.0085,0.0039,0.0132,3.666,0.0003984257176121504,0.0015656119708503564,0.367,small,0.1628407671314272
Subject: Clothes,100,0.2231,0.3024,0.0793,0.0735,0.0851,27.324,6.595033855788642e-48,4.0161556854627e-18,2.732,large,0.21515902711100532
Subject: Forest,100,0.2546,0.305,0.0504,0.0473,0.0535,32.384,1.753624332311979e-54,4.1384414249804666e-18,3.238,large,0.0030173693728997126
